Spell_ID,Spell_Name,Level,School,Ritual,Casting Time,Range,Verbal,Somatic,Focus,Duration,Concentration,Bard,Cleric,Druid,Paladin,Ranger,Sorcerer,Warlock,Wizard
0,Acid Arrow,2,Evocation,0,Action,90 feet,1,1,1,Instantaneous,0,0,0,0,0,0,0,0,1
1,Acid Splash,0,Conjuration,0,Action,60 feet,1,1,0,Instantaneous,0,0,0,0,0,0,1,0,1
2,Aid,2,Abjuration,0,Action,30 feet,1,1,1,8 hours,0,0,1,0,1,0,0,0,0
3,Alarm,1,Abjuration,1,1 Minute,30 feet,1,1,1,8 hours,0,0,0,0,0,1,0,0,1
4,Alter Self,2,Transmutation,0,Action,Self,1,1,0,1 hour,1,0,0,0,0,0,1,0,1
5,Animal Friendship,1,Enchantment,0,Action,30 feet,1,1,1,24 hours,0,1,0,1,0,1,0,0,0
6,Animal Messenger,2,Enchantment,1,Action,30 feet,1,1,1,24 hours,0,1,0,1,0,1,0,0,0
7,Animal Shapes,8,Transmutation,0,Action,30 feet,1,1,0,24 hours,1,0,0,1,0,0,0,0,0
8,Animate Dead,3,Necromancy,0,1 Minute,10 feet,1,1,1,Instantaneous,0,0,1,0,0,0,0,0,1
9,Animate Objects,5,Transmutation,0,Action,120 feet,1,1,0,1 minute,1,1,0,0,0,0,1,0,1
10,Antilife Shell,5,Abjuration,0,Action,Self (10-foot radius),1,1,0,1 hour,1,0,0,1,0,0,0,0,0
11,Antimagic Field,8,Abjuration,0,Action,Self (10-foot radius),1,1,1,1 hour,1,0,1,0,0,0,0,0,1
12,Antipathy OR Sympathy,8,Enchantment,0,1 Hour,60 feet,1,1,1,10 days,0,0,0,1,0,0,0,0,1
13,Arcane Eye,4,Divination,0,Action,30 feet,1,1,1,1 hour,1,0,0,0,0,0,0,0,1
14,Arcane Hand,5,Evocation,0,Action,120 feet,1,1,1,1 minute,1,0,0,0,0,0,0,0,1
15,Arcane Lock,2,Abjuration,0,Action,Touch,1,1,1,Until dispelled,0,0,0,0,0,0,0,0,1
16,Arcane Sword,7,Evocation,0,Action,60 feet,1,1,1,1 minute,1,1,0,0,0,0,0,0,1
17,Arcanist's Magic Aura,2,Illusion,0,Action,Touch,1,1,1,24 hours,0,0,0,0,0,0,0,0,1
18,Astral Projection,9,Necromancy,0,1 Hour,10 feet,1,1,1,Special,0,0,1,0,0,0,0,1,1
19,Augury,2,Divination,1,1 Minute,Self,1,1,1,Instantaneous,0,0,1,0,0,0,0,0,0
20,Awaken,5,Transmutation,0,8 Hours,Touch,1,1,1,Instantaneous,0,1,0,1,0,0,0,0,0
21,Bane,1,Enchantment,0,Action,30 feet,1,1,1,1 minute,1,1,1,0,0,0,0,0,0
22,Banishment,4,Abjuration,0,Action,60 feet,1,1,1,1 minute,1,0,1,0,1,0,1,1,1
23,Barkskin,2,Transmutation,0,Action,Touch,1,1,1,1 hour,1,0,0,1,0,1,0,0,0
24,Beacon of Hope,3,Abjuration,0,Action,30 feet,1,1,0,1 minute,1,0,1,0,0,0,0,0,0
25,Bestow Curse,3,Necromancy,0,Action,Touch,1,1,0,1 minute,1,1,1,0,0,0,0,0,1
26,Black Tentacles,4,Conjuration,0,Action,90 feet,1,1,1,1 minute,1,0,0,0,0,0,0,0,1
27,Blade Barrier,6,Evocation,0,Action,90 feet,1,1,0,10 minutes,1,0,1,0,0,0,0,0,0
28,Bless,1,Enchantment,0,Action,30 feet,1,1,1,1 minute,1,0,1,0,1,0,0,0,0
29,Blight,4,Necromancy,0,Action,30 feet,1,1,0,Instantaneous,0,0,0,1,0,0,1,1,1
30,Blindess OR Deafness,2,Necromancy,0,Action,30 feet,1,0,0,1 minute,0,1,1,0,0,0,1,0,1
31,Blink,3,Transmutation,0,Action,Self,1,1,0,1 minute,0,0,0,0,0,0,1,0,1
32,Blur,2,Illusion,0,Action,Self,1,0,0,1 minute,1,0,0,0,0,0,1,0,1
33,Branding Smite,2,Evocation,0,Bonus Action,Self (15-foot cone),1,0,0,1 minute,1,0,0,0,1,0,0,0,0
34,Burning Hands,1,Evocation,0,Action,Self,1,1,0,Instantaneous,0,0,0,0,0,0,1,0,1
35,Call Lightning,3,Conjuration,0,Action,120 feet,1,1,0,10 minutes,1,0,0,1,0,0,0,0,0
36,Calm Emotions,2,Enchantment,0,Action,60 feet,1,1,0,1 minute,1,1,1,0,0,0,0,0,0
37,Chain Lightning,6,Evocation,0,Action,150 feet,1,1,1,Instantaneous,0,0,0,0,0,0,1,0,1
38,Charm Person,1,Enchantment,0,Action,30 feet,1,1,0,1 hour,0,1,0,1,0,0,1,1,1
39,Chill Touch,0,Necromancy,0,Action,120 feet,1,1,0,1 round,0,0,0,0,0,0,1,1,1
40,Circle of Death,6,Necromancy,0,Action,150 feet,1,1,1,Instantaneous,0,0,0,0,0,0,1,1,1
41,Clairvoyance,3,Divination,0,10 Minutes,1 mile,1,1,1,10 minutes,1,1,1,0,0,0,1,0,1
42,Clone,8,Necromancy,0,1 Hour,Touch,1,1,1,Instantaneous,0,0,0,0,0,0,0,0,1
43,Cloudkill,5,Conjuration,0,Action,120 feet,1,1,0,10 minutes,1,0,0,0,0,0,1,0,1
44,Color Spray,1,Illusion,0,Action,Self (15-foot cone),1,1,1,1 round,0,0,0,0,0,0,1,0,1
45,Command,1,Enchantment,0,Action,60 feet,1,0,0,1 round,0,0,1,0,1,0,0,0,0
46,Commune,5,Divination,1,1 Minute,Self,1,1,1,1 minute,0,0,1,0,0,0,0,0,0
47,Commune With Nature,5,Divination,1,1 Minute,Self,1,1,0,Instantaneous,0,0,0,1,0,1,0,0,0
48,Comprehend Languages,1,Divination,1,Action,Self,1,1,1,1 hour,0,1,0,0,0,0,1,1,1
49,Compulsion,4,Enchantment,0,Action,30 feet,1,1,0,1 minute,1,1,0,0,0,0,0,0,0
50,Cone of Cold,5,Evocation,0,Action,Self (60-foot cone),1,1,1,Instantaneous,0,0,0,0,0,0,1,0,1
51,Confusion,4,Enchantment,0,Action,90 feet,1,1,1,1 minute,1,1,0,1,0,0,1,0,1
52,Conjure Animals,3,Conjuration,0,Action,60 feet,1,1,0,1 hour,1,0,0,1,0,1,0,0,0
53,Conjure Celestial,7,Conjuration,0,1 Minute,90 feet,1,1,0,1 hour,1,0,1,0,0,0,0,0,0
54,Conjure Elemental,5,Conjuration,0,1 Minute,90 feet,1,1,1,1 hour,1,0,0,1,0,0,0,0,1
55,Conjure Fey,6,Conjuration,0,1 Minute,90 feet,1,1,0,1 hour,1,0,0,1,0,0,0,1,0
56,Conjure Minor Elementals,4,Conjuration,0,1 Minute,90 feet,1,1,0,1 hour,1,0,0,1,0,0,0,0,1
57,Conjure Woodland Beings,4,Conjuration,0,Action,60 feet,1,1,1,1 hour,1,0,0,1,0,1,0,0,0
58,Contact Other Plane,5,Divination,1,1 Minute,Self,1,0,0,1 minute,0,0,0,0,0,0,0,1,1
59,Contagion,5,Necromancy,0,Action,Touch,1,1,0,7 days,0,0,1,1,0,0,0,0,0
60,Contingency,6,Evocation,0,10 Minutes,Self,1,1,1,10 days,0,0,0,0,0,0,0,0,1
61,Continual Flame,2,Evocation,0,Action,Touch,1,1,1,Until dispelled,0,0,1,0,0,0,0,0,1
62,Control Water,4,Transmutation,0,Action,300 feet,1,1,1,10 minutes,1,0,1,1,0,0,0,0,1
63,Control Weather,8,Transmutation,0,10 Minutes,Self (5-mile radius),1,1,1,8 hours,1,0,1,1,0,0,0,0,1
64,Counterspell,3,Abjuration,0,Reaction,60 feet,0,1,0,Instantaneous,0,0,0,0,0,0,1,1,1
65,Create Food and Water,3,Conjuration,0,Action,30 feet,1,1,0,Instantaneous,0,0,1,0,1,0,0,0,0
66,Create or Destroy Water,1,Transmutation,0,Action,30 feet,1,1,1,Instantaneous,0,0,1,1,0,0,0,0,0
67,Create Undead,6,Necromancy,0,1 Minute,10 feet,1,1,1,Instantaneous,0,0,1,0,0,0,0,1,1
68,Creation,5,Illusion,0,1 Minute,30 feet,1,1,1,Special,0,0,0,0,0,0,1,0,1
69,Cure Wounds,1,Evocation,0,Action,Touch,1,1,0,Instantaneous,0,1,1,1,1,1,0,0,0
70,Dancing Lights,0,Evocation,0,Action,120 feet,1,1,1,1 minute,1,1,0,0,0,0,1,0,1
71,Darkness,2,Evocation,0,Action,60 feet,1,0,1,10 minutes,1,0,0,0,0,0,1,1,1
72,Darkvision,2,Transmutation,0,Action,Touch,1,1,1,8 hours,0,0,0,1,0,1,1,0,1
73,Daylight,3,Evocation,0,Action,60 feet,1,1,0,1 hour,0,0,1,1,1,1,1,0,0
74,Death Ward,4,Abjuration,0,Action,Touch,1,1,0,8 hours,0,0,1,0,1,0,0,0,0
75,Delayed Blast Fireball,7,Evocation,0,Action,150 feet,1,1,1,1 minute,1,0,0,0,0,0,1,0,1
76,Demiplane,8,Conjuration,0,Action,60 feet,0,1,0,1 hour,0,0,0,0,0,0,0,1,1
77,Detect Evil and Good,1,Divination,0,Action,Self,1,1,0,10 minutes,1,0,1,0,1,0,0,0,0
78,Detect Magic,1,Divination,1,Action,Self,1,1,0,10 minutes,1,1,1,1,1,1,1,0,1
79,Detect Poison and Disease,1,Divination,1,Action,Self,1,1,1,10 minutes,1,0,1,1,1,1,0,0,0
80,Detect Thoughts,2,Divination,0,Action,Self,1,1,1,1 minute,1,1,0,0,0,0,1,0,1
81,Dimension Door,4,Conjuration,0,Action,500 feet,1,0,0,Instantaneous,0,1,0,0,0,0,1,1,1
82,Disguise Self,1,Illusion,0,Action,Self,1,1,0,1 hour,0,1,0,0,0,0,1,0,1
83,Disintergrate,6,Transmutation,0,Action,60 feet,1,1,1,Instantaneous,0,0,0,0,0,0,1,0,1
84,Dispel Evil and Good,5,Abjuration,0,Action,Self,1,1,1,1 minute,1,0,1,0,1,0,0,0,0
85,Dispel Magic,3,Abjuration,0,Action,120 feet,1,1,0,Instantaneous,0,1,1,1,1,0,1,1,1
86,Divination,4,Divination,1,Action,Self,1,1,1,Instantaneous,0,0,1,0,0,0,0,0,0
87,Divine Favor,1,Evocation,0,Bonus Action,Self,1,1,0,1 minute,1,0,0,0,1,0,0,0,0
88,Divine Word,7,Evocation,0,Bonus Action,30 feet,1,0,0,Instantaneous,0,0,1,0,0,0,0,0,0
89,Dominate Beast,4,Enchantment,0,Action,60 feet,1,1,0,1 minute,1,0,0,1,0,0,1,0,0
90,Dominate Monster,8,Enchantment,0,Action,60 feet,1,1,0,1 hour,1,1,0,0,0,0,1,1,1
91,Dominate Person,5,Enchantment,0,Action,60 feet,1,1,0,1 minute,1,1,0,0,0,0,1,0,1
92,Dream,5,Illusion,0,1 Minute,Special,1,1,1,8 hours,0,1,0,0,0,0,0,1,1
93,Druidcraft,0,Transmutation,0,Action,30 feet,1,1,0,Instantaneous,0,0,0,1,0,1,0,0,0
94,Earthquake,8,Evocation,0,Action,500 feet,1,1,1,1 minute,1,0,1,1,0,0,1,0,0
95,Eldritch Blast,0,Evocation,0,Action,120 feet,1,1,0,Instantaneous,0,0,0,0,0,0,0,1,0
96,Enhance Ability,2,Transmutation,0,Action,Touch,1,1,1,1 hour,1,1,1,1,0,0,1,0,0
97,Enlarge OR Reduce,2,Transmutation,0,Action,30 feet,1,1,1,1 minute,1,0,0,0,0,0,1,0,1
98,Entangle,1,Conjuration,0,Action,90 feet,1,1,0,1 minute,1,0,0,1,0,0,0,0,0
99,Enthrall,2,Enchantment,0,Action,60 feet,1,1,0,1 minute,0,1,0,0,0,0,0,1,0
100,Etherealness,7,Transmutation,0,Action,Self,1,1,0,8 hours,0,1,1,0,0,0,1,1,1
101,Expeditious Retreat,1,Transmutation,0,Bonus Action,Self,1,1,0,10 minutes,1,0,0,0,0,0,1,1,1
102,Eyebite,6,Necromancy,0,Action,Self,1,1,0,1 minute,1,1,0,0,0,0,1,1,1
103,Fabricate,4,Transmutation,0,10 MInutes,120 feet,1,1,0,Instantaneous,0,0,0,0,0,0,0,0,1
104,Faerie Fire,1,Evocation,0,Action,60 feet,1,0,0,1 minute,1,1,0,0,0,0,0,0,0
105,Faithful Hound,4,Conjuration,0,Action,30 feet,1,1,1,8 hours,0,0,0,0,0,0,0,0,1
106,False Life,1,Necromancy,0,Action,Self,1,1,1,1 hour,0,0,0,0,0,0,1,0,1
107,Fear,3,Illusion,0,Action,Self (30-foot cone),1,1,1,1 minute,1,1,0,0,0,0,1,1,1
108,Feather Fall,1,Transmutation,0,Reaction,60 feet,1,0,1,1 minute,0,0,0,0,0,0,1,0,1
109,Feeblemind,8,Enchantment,0,Action,150 feet,1,1,1,Instantaneous,0,1,0,1,0,0,0,1,1
110,Find Familiar,1,Conjuration,1,1 Hour,10 feet,1,1,1,Instantaneous,0,0,0,0,0,0,0,0,1
111,Find Steed,2,Conjuration,0,10 Minutes,30 feet,1,1,0,Instantaneous,0,0,0,0,1,0,0,0,0
112,Find the Path,6,Divination,0,1 Minute,Self,1,1,1,24 hours,1,1,1,1,0,0,0,0,0
113,Find Traps,2,Divination,0,Action,120 feet,1,1,0,Instantaneous,0,0,1,1,0,1,0,0,0
114,Finger of Death,7,Necromancy,0,Action,60 feet,1,1,0,Instantaneous,0,0,0,0,0,0,1,1,1
115,Fireball,3,Evocation,0,Action,150 feet,1,1,1,Instantaneous,0,0,0,0,0,0,1,0,1
116,Fire Bolt,0,Evocation,0,Action,120 feet,1,1,0,Instantaneous,0,0,0,0,0,0,1,0,1
117,Fire Shield,4,Evocation,0,Action,Self,1,1,1,10 minutes,0,0,0,0,0,0,0,0,1
118,Fire Storm,7,Evocation,0,Action,150 feet,1,1,0,Instantaneous,0,0,1,1,0,0,1,0,0
119,Flame Blade,2,Evocation,0,Bonus Action,Self,1,1,1,10 minutes,1,0,0,1,0,0,0,0,0
120,Flame Strike,5,Evocation,0,Action,60 feet,1,1,1,Instantaneous,0,0,1,0,0,0,0,0,0
121,Flaming Sphere,2,Conjuration,0,Action,60 feet,1,1,1,1 minute,1,0,0,1,0,0,0,0,1
122,Flesh to Stone,6,Transmutation,0,Action,60 feet,1,1,1,1 minute,1,0,0,0,0,0,0,1,1
123,Floating Disk,1,Conjuration,1,Action,30 feet,1,1,1,1 hour,0,0,0,0,0,0,0,0,1
124,Fly,3,Transmutation,0,Action,Touch,1,1,1,10 minutes,1,0,0,0,0,0,1,1,1
125,Fog Cloud,1,Conjuration,0,Action,120 feet,1,1,0,1 hour,1,0,0,1,0,1,1,0,1
126,Forbiddance,6,Abjuration,1,10 Minutes,Touch,1,1,1,24 hours,0,0,1,0,0,0,0,0,0
127,Forcecage,7,Evocation,0,Action,100 feet,1,1,1,1 hour,0,1,0,0,0,0,0,1,1
128,Foresight,9,Divination,0,1 Minute,8 hours,1,1,1,8 hours,0,1,0,1,0,0,0,1,1
129,Freedom of Movement,4,Abjuration,0,Action,Touch,1,1,1,1 hour,0,1,1,1,0,1,0,0,0
130,Freezing Sphere,6,Evocation,0,Action,300 feet,1,1,1,Instantaneous,0,0,0,0,0,0,0,0,1
131,Gaseous Form,3,Transmutation,0,Action,Touch,1,1,1,1 hour,1,0,0,0,0,0,1,1,1
132,Gate,9,Conjuration,0,Action,60 feet,1,1,1,1 minute,1,0,1,0,0,0,1,0,1
133,Geas,5,Enchantment,0,1 Minute,60 feet,1,0,0,30 days,0,1,1,1,1,0,0,0,1
134,Gentle Repose,2,Necromancy,1,Action,Touch,1,1,1,10 days,0,0,1,0,0,0,0,0,1
135,Giant Insect,4,Transmutation,0,Action,30 feet,1,1,0,10 minutes,1,0,0,1,0,0,0,0,0
136,Glibness,8,Transmutation,0,Action,Self,1,0,0,1 hour,0,1,0,0,0,0,0,1,0
137,Globe of Invulnerability,6,Abjuration,0,Action,Self (10-foot radius),1,1,1,1 minute,1,0,0,0,0,0,1,0,1
138,Glyph of Warding,3,Abjuration,0,1 Hour,Touch,1,1,1,Until triggered,0,1,1,0,0,0,0,0,1
139,Goodberry,1,Transmutation,0,Action,Touch,1,1,1,Instantaneous,0,0,0,1,0,1,0,0,0
140,Grease,1,Conjuration,0,Action,60 feet,1,1,1,1 minute,0,0,0,0,0,0,0,0,1
141,Greater Invisibility,4,Illusion,0,Action,Touch,1,1,0,1 minute,1,1,0,0,0,0,1,0,1
142,Greater Restoration,5,Abjuration,0,Action,Touch,1,1,1,Instantaneous,0,1,1,1,0,0,0,0,0
143,Guardians of Faith,4,Conjuration,0,Action,30 feet,1,0,0,8 hours,0,0,1,0,0,0,0,0,0
144,Guards and Wards,6,Abjuration,0,10 Minutes,Touch,1,1,1,24 hours,0,1,0,0,0,0,0,0,1
145,Guidance,0,Divination,0,Action,Touch,1,1,0,1 minute,1,0,1,1,0,0,0,0,0
146,Guiding Bolt,1,Evocation,0,Action,120 feet,1,1,0,1 round,0,0,1,0,0,0,0,0,0
147,Gust of Wind,2,Evocation,0,Action,Self (60-foot line),1,1,1,1 minute,1,0,0,1,0,0,1,0,1
148,Hallow,5,Evocation,0,24 Hours,Touch,1,1,1,Until dispelled,0,0,1,0,0,0,0,0,0
149,Hallucinatory Terrain,4,Illusion,0,10 Minutes,300 feet,1,1,1,24 hours,0,1,0,1,0,0,0,1,1
150,Harm,6,Necromancy,0,Action,60 feet,1,1,0,Instantaneous,0,0,1,0,0,0,0,0,0
151,Haste,3,Transmutation,0,Action,30 feet,1,1,1,1 minute,1,0,0,0,0,0,1,0,1
152,Heal,6,Evocation,0,Action,60 feet,1,1,0,Instantaneous,0,0,1,1,0,0,0,0,0
153,Healing Word,1,Evocation,0,Bonus Action,60 feet,1,0,0,Instantaneous,0,1,1,1,0,0,0,0,0
154,Heat Metal,2,Transmutation,0,Action,60 feet,1,1,1,1 minute,1,1,0,1,0,0,0,0,0
155,Hellish Rebuke,1,Evocation,0,Reaction,60 feet,1,1,0,Instantaneous,0,0,0,0,0,0,0,1,0
156,Heroes' Feat,6,Conjuration,0,10 Minutes,30 feet,1,1,1,Instantaneous,0,0,1,1,0,0,0,0,0
157,Heroism,1,Enchantment,0,Action,Touch,1,1,0,1 minute,1,1,0,0,1,0,0,0,0
158,Hideous Laughter,1,Enchantment,0,Action,30 feet,1,1,1,1 minute,1,1,0,0,0,0,0,0,1
159,Hold Monster,5,Enchantment,0,Action,90 feet,1,1,1,1 minute,1,1,0,0,0,0,1,1,1
160,Hold Person,2,Enchantment,0,Action,60 feet,1,1,1,1 minute,1,1,1,1,0,0,1,1,1
161,Holy Aura,8,Abjuration,0,Action,Self,1,1,1,1 minute,1,0,1,0,0,0,0,0,0
162,Hunter's Mark,0,Divination,0,Bonus Action,90 feet,1,0,0,1 hour,0,0,0,0,0,1,0,0,0
163,Hypnotic Pattern,3,Illusion,0,Action,120 feet,0,1,1,1 minute,1,1,0,0,0,0,1,1,1
164,Ice Storm,4,Evocation,0,Action,300 feet,1,1,1,Instantaneous,0,0,0,1,0,0,1,0,1
165,Identify,1,Divination,1,1 Minute,Touch,1,1,1,Instantaneous,0,1,0,0,0,0,0,0,1
166,Illusory Script,1,Illusion,1,1 Minute,Touch,0,1,1,10 days,0,1,0,0,0,0,0,1,1
167,Imprisonment,9,Abjuration,0,1 Minute,30 feet,1,1,1,Until dispelled,0,0,0,0,0,0,0,1,1
168,Incendiary Cloud,8,Conjuration,0,Action,150 feet,1,1,0,1 minute,1,0,0,0,0,0,1,0,1
169,Inflict Wounds,1,Necromancy,0,Action,Touch,1,1,0,Instantaneous,0,0,1,0,0,0,0,0,0
170,Insect Plague,5,Conjuration,0,Action,300 feet,1,1,1,10 minutes,1,0,1,1,0,0,1,0,0
171,Instant Summons,6,Conjuration,1,1 Minute,Touch,1,1,1,Until dispelled,0,0,0,0,0,0,0,0,1
172,Invisibility,2,Illusion,0,Action,Touch,1,1,1,1 hour,1,1,0,0,0,0,1,1,1
173,Irresistible Dance,6,Enchantment,0,Action,30 feet,1,0,0,1 minute,1,1,0,0,0,0,0,0,1
174,Jump,1,Transmutation,0,Action,Touch,1,1,1,1 minute,0,0,0,1,0,1,1,0,1
175,Knock,2,Transmutation,0,Action,60 feet,1,0,0,Instantaneous,0,1,0,0,0,0,1,0,1
176,Legend Lore,5,Divination,0,10 Minutes,Self,1,1,1,Instantaneous,0,1,1,0,0,0,0,0,1
177,Lesser Restoration,2,Abjuration,0,Action,Touch,1,1,0,Instantaneous,0,1,1,1,1,1,0,0,0
178,Levitate,2,Transmutation,0,Action,60 feet,1,1,1,10 minutes,1,0,0,0,0,0,1,0,1
179,Light,0,Evocation,0,Action,Touch,1,0,1,1 hour,0,1,1,0,0,0,1,0,1
180,Lightning Bolt,3,Evocation,0,Action,Self (100-foot line),1,1,1,Instantaneous,0,0,0,0,0,0,1,0,1
181,Locate Animals or Plants,2,Divination,1,Action,Self,1,1,1,Instantaneous,0,1,0,1,0,1,0,0,0
182,Locate Create,4,Divination,0,Action,Self,1,1,1,1 hour,1,1,1,1,1,1,0,0,1
183,Locate Object,2,Divination,0,Action,Self,1,1,1,10 minutes,1,1,1,1,1,1,0,0,1
184,Longstrider,1,Transmutation,0,Action,Touch,1,1,1,1 hour,0,1,0,1,0,1,0,0,1
185,Mage Armor,1,Abjuration,0,Action,Touch,1,1,1,8 hours,0,0,0,0,0,0,1,0,1
186,Mage Hand,0,Conjuration,0,Action,30 feet,1,1,0,1 minute,0,1,0,0,0,0,1,1,1
187,Magic Circle,3,Abjuration,0,1 Minute,10 feet,1,1,1,1 hour,0,0,1,0,1,0,0,1,1
188,Magic Jar,6,Necromancy,0,1 Minute,Self,1,1,1,Until dispelled,0,0,0,0,0,0,0,0,1
189,Magic Missile,1,Evocation,0,Action,120 feet,1,1,0,Instantaneous,0,0,0,0,0,0,1,0,1
190,Magic Mouth,2,Illusion,1,1 Minute,30 feet,1,1,1,Until dispelled,0,1,0,0,0,0,0,0,1
191,Magic Weapon,2,Transmutation,0,Bonus Action,Touch,1,1,0,1 hour,1,0,0,0,1,0,0,0,1
192,Magnificent Mansion,7,Conjuration,0,1 Minute,300 feet,1,1,1,24 hours,0,1,0,0,0,0,0,0,1
193,Major Image,3,Illusion,0,Action,120 feet,1,1,1,10 minutes,1,1,0,0,0,0,1,1,1
194,Mass Cure Wounds,5,Evocation,0,Action,60 feet,1,1,0,Instantaneous,0,1,1,1,0,0,0,0,0
195,Mass Heal,9,Evocation,0,Action,60 feet,1,1,0,Instantaneous,0,0,1,0,0,0,0,0,0
196,Mass Healing Word,3,Evocation,0,Bonus Action,60 feet,1,0,0,Instantaneous,0,0,1,0,0,0,0,0,0
197,Mass Suggestion,6,Enchantment,0,Action,60 feet,1,0,1,24 hours,0,1,0,0,0,0,1,1,1
198,Maze,8,Conjuration,0,Action,60 feet,1,1,0,10 minutes,1,0,0,0,0,0,0,0,1
199,Meld into Stone,3,Transmutation,1,Action,Touch,1,1,0,8 hours,0,0,0,1,0,0,0,0,0
200,Mending,0,Transmutation,0,1 Minute,Touch,1,1,1,Instantaneous,0,0,1,1,0,0,1,0,1
201,Message,0,Transmutation,0,Action,120 feet,1,1,1,1 round,0,0,0,0,0,0,1,0,1
202,Meteor Swarm,9,Evocation,0,Action,1 mile,1,1,0,Instantaneous,0,0,0,0,0,0,1,0,1
203,Mind Blank,8,Abjuration,0,Action,Touch,1,1,0,24 hours,0,1,0,0,0,0,0,0,0
204,Minor Illusion,0,Illusion,0,Action,30 feet,0,1,1,1 minute,0,1,0,0,0,0,1,1,1
205,Mirage Arcane,7,Illusion,0,10 Minutes,Sight,1,1,0,10 days,0,1,0,1,0,0,0,0,1
206,Mirror Image,2,Illusion,0,Action,Self,1,1,0,1 minute,0,0,0,0,0,0,1,1,1
207,Mislead,5,Illusion,0,Action,Self,0,1,0,1 hour,1,1,0,0,0,0,0,0,1
208,Misty Step,2,Conjuration,0,Bonus Action,Self,1,0,0,Instantaneous,0,0,0,0,0,0,1,1,1
209,Modify Memory,5,Enchantment,0,Action,30 feet,1,1,0,1 minute,1,1,0,0,0,0,0,0,1
210,Moonbeam,2,Evocation,0,Action,120 feet,1,1,1,1 minute,1,0,0,1,0,0,0,0,0
211,Move Earth,6,Transmutation,0,Action,120 feet,1,1,1,2 hours,1,0,0,1,0,0,1,0,1
212,Nondetection,3,Abjuration,0,Action,Touch,1,1,1,8 hours,0,1,0,0,0,1,0,0,1
213,Pass without Trace,2,Abjuration,0,Action,Self,1,1,1,1 hour,1,0,0,1,0,1,0,0,0
214,Passwall,5,Transmutation,0,Action,30 feet,1,1,1,1 hour,0,0,0,0,0,0,0,0,0
215,Phantasmal Killer,4,Illusion,0,Action,120 feet,1,1,0,1 minute,1,0,0,0,0,0,0,0,1
216,Phantom Steed,3,Illusion,1,1 Minute,30 feet,1,1,0,1 hour,0,0,0,0,0,0,0,0,1
217,Planar Ally,6,Conjuration,0,10 Minutes,60 feet,1,1,0,Instantaneous,0,0,1,0,0,0,0,0,0
218,Planar Binding,5,Abjuration,0,1 Hour,60 feet,1,1,1,24 hours,0,1,1,1,0,0,0,0,1
219,Plane Shift,7,Conjuration,0,Action,Touch,1,1,1,Instantaneous,0,0,1,1,0,0,1,1,1
220,Plant Growth,3,Transmutation,0,Action,150 feet,1,1,0,Instantaneous,0,1,0,1,0,1,0,0,0
221,Poison Spray,0,Conjuration,0,Action,10 feet,1,1,0,Instantaneous,0,0,0,1,0,0,1,1,1
222,Polymorph,4,Transmutation,0,Action,60 feet,1,1,1,1 hour,1,1,0,1,0,0,1,0,1
223,Power Word Kill,9,Enchantment,0,Action,60 feet,1,0,0,Instantaneous,0,1,0,0,0,0,1,1,1
224,Power Word Stun,8,Enchantment,0,Action,60 feet,1,0,0,Instantaneous,0,1,0,0,0,0,1,1,1
225,Prayer of Healing,2,Evocation,0,10 Minutes,30 feet,1,0,0,Instantaneous,0,0,1,0,0,0,0,0,0
226,Prestidigitation,0,Transmutation,0,Action,10 feet,1,1,0,1 hour,0,1,0,0,0,0,1,1,1
227,Prismatic Spray,7,Evocation,0,Action,Self (60-foot cone),1,1,0,Instantaneous,0,0,0,0,0,0,1,0,1
228,Prismatic Wall,9,Abjuration,0,Action,60 feet,1,1,0,10 minutes,0,0,0,0,0,0,0,0,1
229,Private Sanctum,4,Abjuration,0,10 Minutes,120 feet,1,1,1,24 hours,0,0,0,0,0,0,0,0,1
230,Produce Flame,0,Conjuration,0,Action,Self,1,1,0,10 minutes,0,0,0,1,0,0,0,0,0
231,Programmed Illusion,6,Illusion,0,Action,120 feet,1,1,1,Until dispelled,0,1,0,0,0,0,0,0,1
232,Project Image,7,Illusion,0,Action,500 miles,1,1,1,24 hours,1,1,0,0,0,0,0,0,1
233,Protection from Energy,3,Abjuration,0,Action,Touch,1,1,0,1 hour,1,0,1,1,0,1,1,0,1
234,Protection from Evil and Good,1,Abjuration,0,Action,Touch,1,1,1,10 minutes,1,0,1,0,1,0,0,1,1
235,Protection from Poison,2,Abjuration,0,Action,Touch,1,1,0,1 hour,0,0,1,1,1,1,0,0,0
236,Purify Food and Drink,1,Transmutation,1,Action,10 feet,1,1,0,Instantaneous,0,0,1,1,1,0,0,0,0
237,Raise Dead,5,Necromancy,0,Action,Touch,1,1,1,Instantaneous,0,1,1,0,1,0,0,0,0
238,Ray of Enfeeblement,2,Necromancy,0,Action,60 feet,1,1,0,1 minute,1,0,0,0,0,0,0,1,1
239,Ray of Frost,0,Evocation,0,Action,60 feet,1,1,0,Instantaneous,0,0,0,1,0,0,1,0,1
240,Regenerate,7,Transmutation,0,1 Minute,Touch,1,1,1,1 hour,0,1,1,1,0,0,0,0,0
241,Reincarnate,5,Transmutation,0,1 Hour,Touch,1,1,1,Instantaneous,0,0,0,1,0,0,0,0,0
242,Remove Curse,3,Abjuration,0,Action,Touch,1,1,0,Instantaneous,0,0,1,0,1,0,0,1,1
243,Resillient Sphere,4,Evocation,0,Action,30 feet,1,1,1,1 minute,1,0,0,0,0,0,0,0,1
244,Resistance,0,Abjuration,0,Action,Touch,1,1,1,1 minute,1,0,1,0,0,0,0,0,0
245,Resurrection,7,Necromancy,0,1 Hour,Touch,1,1,1,Instantaneous,0,0,1,0,0,0,0,0,0
246,Reverse Gravity,7,Transmutation,0,Action,100 feet,1,1,1,1 minute,1,0,0,1,0,0,1,0,1
247,Revivify,3,Necromancy,0,Action,Touch,1,1,1,Instantaneous,0,0,1,0,1,0,0,0,0
248,Rope Trick,2,Transmutation,0,Action,Touch,1,1,1,1 hour,0,0,0,0,0,0,0,0,1
249,Sacred Flame,0,Evocation,0,Action,60 feet,1,1,0,Instantaneous,0,0,1,0,0,0,0,0,0
250,Sanctuary,1,Abjuration,0,Bonus Action,30 feet,1,1,1,1 minute,0,0,1,0,0,0,0,0,0
251,Scorching Ray,2,Evocation,0,Action,120 feet,1,1,0,Instantaneous,0,0,0,0,0,0,1,0,1
252,Scrying,5,Divination,0,10 Minutes,Self,1,1,1,10 minutes,1,1,1,1,0,0,0,1,1
253,Secret Chest,4,Conjuration,0,Action,Touch,1,1,1,Instantaneous,0,0,0,0,0,0,0,0,1
254,See Invisibility,2,Divination,0,Action,Self,1,1,1,1 hour,0,1,0,0,0,0,1,0,1
255,Seeming,5,Illusion,0,Action,30 feet,1,1,0,8 hours,0,1,0,0,0,0,1,0,1
256,Sending,3,Evocation,0,Action,Unlimited,1,1,1,1 round,0,1,0,0,0,0,0,0,1
257,Sequester,7,Transmutation,0,Action,Touch,1,1,1,Until dispelled,0,0,0,0,0,0,0,0,1
258,Shapechange,9,Transmutation,0,Action,Self,1,1,1,1 hour,1,0,0,1,0,0,0,0,1
259,Shatter,2,Evocation,0,Action,60 feet,1,1,1,Instantaneous,0,1,0,0,0,0,1,1,1
260,Shield,1,Abjuration,0,Reaction,Self,1,1,0,1 round,0,0,0,0,0,0,1,0,1
261,Shield of Faith,1,Abjuration,0,Bonus Action,60 feet,1,1,1,10 minutes,1,0,1,0,1,0,0,0,0
262,Shillelagh,0,Transmutation,0,Bonus Action,Touch,1,1,1,1 minute,0,0,0,1,0,0,0,0,0
263,Shocking Grasp,0,Evocation,0,Action,Touch,1,1,0,Instantaneous,0,0,0,0,0,0,1,0,1
264,Silence,2,Illusion,1,Action,120 feet,1,1,0,10 minutes,1,1,1,0,0,1,0,0,0
265,Silent Image,1,Illusion,0,Action,60 feet,1,1,1,10 minutes,1,1,0,0,0,0,1,0,1
266,Simulacrum,7,Illusion,0,12 Hours,Touch,1,1,1,Until dispelled,0,0,0,0,0,0,0,0,1
267,Sleep,1,Enchantment,0,Action,90 feet,1,1,1,1 minute,0,1,0,0,0,0,1,0,1
268,Sleet Storm,3,Conjuration,0,Action,150 feet,1,1,1,1 minute,1,0,0,1,0,0,1,0,1
269,Slow,3,Transmutation,0,Action,120 feet,1,1,1,1 minute,1,0,0,0,0,0,1,0,1
270,Spare the Dying,0,Necromancy,0,Action,Touch,1,1,0,Instantaneous,0,0,1,0,0,0,0,0,0
271,Speak with Animals,1,Divination,1,Action,Self,1,1,0,10 minutes,0,1,0,1,0,1,0,0,0
272,Speak with Dead,3,Necromancy,0,Action,10 feet,1,1,1,10 minutes,0,1,1,0,0,0,0,0,0
273,Speak with Plants,3,Transmutation,0,Action,Self (30-foot radius),1,1,0,10 minutes,0,0,0,1,0,1,0,0,0
274,Spider Climb,2,Transmutation,0,Action,Touch,1,1,1,1 hour,1,0,0,0,0,0,1,1,1
275,Spike Growth,2,Transmutation,0,Action,150 feet,1,1,1,10 minutes,1,0,0,1,0,1,0,0,0
276,Spirit Guardians,3,Conjuration,0,Action,Self (15-foot radius),1,1,1,10 minutes,1,0,1,0,0,0,0,0,0
277,Spiritual Weapon,2,Evocation,0,Bonus Action,60 feet,1,1,0,1 minute,0,0,1,0,0,0,0,0,0
278,Stinking Cloud,3,Conjuration,0,Action,90 feet,1,1,1,1 minute,1,1,0,0,0,0,1,0,1
279,Stone Shape,4,Transmutation,0,Action,Touch,1,1,1,Instantaneous,0,0,1,1,0,0,0,0,1
280,Stoneskin,4,Abjuration,0,Action,Touch,1,1,1,1 hour,1,0,0,0,0,1,1,0,1
281,Storm of Vengeance,9,Conjuration,0,Action,Sight,1,1,0,1 minute,1,0,0,1,0,0,0,0,0
282,Suggestion,2,Enchantment,0,Action,30 feet,1,0,1,8 hours,1,1,0,0,0,0,1,1,1
283,Sunbeam,6,Evocation,0,Action,Self (60-foot line),1,1,1,1 minute,1,0,0,1,0,0,1,0,1
284,Sunburst,8,Evocation,0,Action,150 feet,1,1,1,Instantaneous,0,0,0,1,0,0,1,0,1
285,Symbol,7,Abjuration,0,1 Minute,Touch,1,1,1,Until triggered,0,1,1,0,0,0,0,0,1
286,Telekinesis,5,Transmutation,0,Action,60 feet,1,1,0,10 minutes,1,0,0,0,0,0,1,0,1
287,Telepathic Bond,5,Divination,1,Action,30 feet,1,1,1,1 hour,0,0,0,0,0,0,0,0,1
288,Teleport,7,Conjuration,0,Action,10 feet,1,0,0,Instantaneous,0,1,0,0,0,0,1,0,1
289,Teleporation Circle,5,Conjuration,0,1 Minute,10 feet,1,0,1,1 round,0,1,0,0,0,0,1,0,1
290,Thaumaturgy,0,Transmutation,0,Action,30 feet,1,0,0,1 minute,0,0,1,0,0,0,0,0,0
291,Thunderwave,1,Evocation,0,Action,Self (15-foot cube),1,1,0,Instantaneous,0,1,0,1,0,0,1,0,1
292,Time Stop,9,Transmutation,0,Action,Self,1,0,0,Instantaneous,0,0,0,0,0,0,1,0,1
293,Tiny Hut,3,Evocation,1,1 Minute,Self (10-foot radius),1,1,1,8 hours,0,1,0,0,0,0,0,0,1
294,Tongues,3,Divination,0,Action,Touch,1,0,1,1 hour,0,1,1,0,0,0,1,1,1
295,Transport via Plants,6,Conjuration,0,Action,10 feet,1,1,0,1 round,0,0,0,1,0,0,0,0,0
296,Tree Stride,5,Conjuration,0,Action,Self,1,1,0,1 minute,1,0,0,1,0,1,0,0,0
297,True Polymorph,9,Transmutation,0,Action,30 feet,1,1,1,1 hour,1,1,0,0,0,0,0,1,1
298,True Resurrection,9,Necromancy,0,1 Hour,Touch,1,1,1,Instantaneous,0,0,1,1,0,0,0,0,0
299,True Seeing,6,Divination,0,Action,Touch,1,1,1,1 hour,0,1,1,0,0,0,1,1,1
300,True Strike,0,Divination,0,Action,30 feet,0,1,0,1 round,1,1,0,0,0,0,1,1,1
301,Unseen Servant,1,Conjuration,1,Action,60 feet,1,1,1,1 hour,0,1,0,0,0,0,0,1,1
302,Vampiric Touch,3,Necromancy,0,Action,Self (melee attack),1,1,0,1 minute,0,0,0,0,0,0,0,1,1
303,Vicious Mockery,0,Enchantment,0,Action,60 feet,1,0,0,Instantaneous,0,1,0,0,0,0,0,0,0
304,Wall of Fire,4,Evocation,0,Action,120 feet,1,1,1,1 minute,1,0,0,1,0,0,1,0,1
305,Wall of Force,5,Evocation,0,Action,120 feet,1,1,1,10 minutes,1,0,0,0,0,0,0,0,1
306,Wall of Ice,6,Evocation,0,Action,120 feet,1,1,1,10 minutes,1,0,0,0,0,0,0,0,1
307,Wall of Stone,5,Evocation,0,Action,120 feet,1,1,1,10 minutes,1,0,0,1,0,0,1,0,1
308,Wall of Thorns,6,Conjuration,0,Action,120 feet,1,1,1,10 minutes,1,0,0,1,0,0,0,0,0
309,Warding Bond,2,Abjuration,0,Action,Touch,1,1,1,1 hour,0,0,1,0,0,0,0,0,0
310,Water Breathing,3,Transmutation,1,Action,30 feet,1,1,1,24 hours,0,0,0,1,0,1,1,0,1
311,Water Walk,3,Transmutation,1,Action,30 feet,1,1,1,1 hour,0,0,1,1,0,1,1,0,0
312,Web,2,Conjuration,0,Action,60 feet,1,1,1,1 hour,1,0,0,0,0,0,1,0,1
313,Weird,9,Illusion,0,Action,120 feet,1,1,0,1 minute,1,0,0,0,0,0,0,0,1
314,Wind Walk,6,Transmutation,0,1 Minute,30 feet,1,1,1,8 hours,0,0,0,1,0,0,0,0,0
315,Wind Wall,3,Evocation,0,Action,120 feet,1,1,1,1 minute,1,0,0,1,0,1,0,0,0
316,Wish,9,Conjuration,0,Action,Self,1,0,0,Instantaneous,0,0,0,0,0,0,1,0,1
317,Word of Recall,6,Conjuration,0,Action,5 feet,1,0,0,Instantaneous,0,0,1,0,0,0,0,0,0
318,Zone of Truth,2,Enchantment,0,Action,60 feet,1,1,0,10 minutes,0,1,1,0,1,0,0,0,0
